Title,Description,URL
Supply chain management vendor Blue Yonder succumbs to ransomware,"And it looks like major UK retailers that rely on it are feeling the pinch US-based supply chain SaaS vendor Blue Yonder has revealed a service disruption caused by ransomware, and its customers are reportedly struggling to get goods onto shelves as a result.…",https://www.theregister.com/2024/11/26/blue_yonder_ransomware/
Chinese chip firms say they can withstand new US export curbs,Chinese chip companies targeted by Washington with fresh export controls have vowed to speed up supply chain localisation and said they would be able to...,https://ca.finance.yahoo.com/news/chinese-chip-firms-withstand-us-073606233.html
Tim Cook and 20 other CEOs met China’s premier to discuss potential issues with Trump plans,"Apple CEO Tim Cook and more than 20 other chief execs met China’s premier today to discuss potential trade disruption once Trump takes office in January.    However, the report makes it sound like the meeting didn’t achieve much, with some saying it felt scri…",https://9to5mac.com/2024/11/25/tim-cook-and-20-other-ceos-met-chinas-premier-to-discuss-potential-issues-with-trump-plans/
Starbucks faces disruptions following ransomware attack on software supplier,The coffee giant said that an outage at a third-party vendor has disrupted a back-end Starbucks process that enables employee scheduling and time tracking.  ...,https://finance.yahoo.com/news/starbucks-faces-disruptions-following-ransomware-201734823.html
25% tariff on imports? Consumers doomed?,"A 25% tariff on Canadian and Mexican imports could drive up car prices, disrupt supply chains, and strain automakers already grappling with industry-wide challenges.",https://www.autoblog.com/news/25-percent-tariff-on-imports-consumers-doomed
Trump’s proposed tariffs could reshape the auto industry,"A 25% tariff on Canadian and Mexican imports could drive up car prices, disrupt supply chains, and strain automakers already grappling with industry-wide challenges.",https://www.autoblog.com/news/trumps-proposed-tariffs-could-reshape-the-auto-industry
Starbucks has gone back to pen and paper after vendor ransomware attack,Employee pay and schedules are being tracked on paper at Starbucks following supply chain attack.,https://www.techradar.com/pro/security/starbucks-has-gone-back-to-pen-and-paper-after-vendor-ransomware-attack
Starbucks and Grocery Stores Face Disruption after Ransomware Attack on Blue Yonder,Supply chain management provider Blue Yonder confirmed it was hit by ransomware attack,https://www.infosecurity-magazine.com/news/starbucks-sainsburys-ransomware/
Wake Up And Smell The Ransomware—Starbucks Impacted By Cyber Attack,A ransomware attack on supply chain vendor Blue Yonder has impacted Starbucks in the U.S. and supermarkets in the U.K. — Here’s what we know so far.,https://www.forbes.com/sites/daveywinder/2024/11/27/wake-up-and-smell-the-ransomware-starbucks-impacted-by-ai-cyber-attack/
Wake Up And Smell The Ransomware—Starbucks Impacted By AI Cyber Attack,A ransomware attack on supply chain vendor Blue Yonder has impacted Starbucks in the U.S. and supermarkets in the U.K. — Here’s what we know so far.,https://www.forbes.com/sites/daveywinder/2024/11/26/wake-up-and-smell-the-ransomware-starbucks-impacted-by-ai-cyber-attack/
Blue Yonder ransomware termites claim credit,"Also: Mystery US firm compromised by Chinese hackers for months; Safe links that aren't; Polish spy boss arrested, and more Infosec in brief  Still smarting over that grocery disruption caused by a ransomware attack on supply chain SaaS vendor Blue Yonder? We…",https://www.theregister.com/2024/12/09/security_in_brief/
Queries mount as The Trade Desk takes an unprecedented step into TV’s adland,Industry peers want to now more about the DSP’s trading deals and broader GTM strategy as it heralds greater CTV efficiencies.,http://digiday.com/future-of-tv/queries-mount-as-the-trade-desk-takes-an-unprecedented-step-into-tvs-adland/
DHS lays out its ground rules for businesses using AI,US Department of Homeland Security issues guidance on the safe and responsible use of AI for critical infrastructure.,https://www.techradar.com/pro/dhs-lays-out-its-ground-rules-for-businesses-using-ai
Five Ways Financial Services Organizations Can Stop Infiltration,Leveraging these five best practices for financial services businesses will help prevent or mitigate infiltration by bad actors:,https://www.forbes.com/councils/forbestechcouncil/2024/11/21/five-ways-financial-services-organizations-can-stop-infiltration/
US drone maker Skydio faces battery crisis amid China sanctions,"The largest US drone maker struggles with supply chain disruption after selling drones to Taiwan's fire departments, with current inventory projected to last until spring 2025.",https://www.digitimes.com/news/a20241128PD213/taiwan-fire-sales-dji-government.html
"South Korea shocker: US treasuries, US$, Yen, gold and crypto will be rallying today: Ajay Bagga","AJaj Bagga predicts an increase in crypto and gold prices due to political instability in South Korea. There will be a flight to safety, boosting investments in the yen, dollar, and US treasuries. South Korea's status as a key hub in global tech supply chains…",https://economictimes.indiatimes.com/markets/expert-view/south-korea-shocker-us-treasuries-us-yen-gold-and-crypto-will-be-rallying-today-ajay-bagga/articleshow/115958331.cms
Woolies customers abusing staff as warehouse workers' strike disrupts supply chain,"Unions say the supermarket giant was warned of the consequences of a battle with its warehouse workers and that ""now is the time"" to improve their conditions.",https://www.abc.net.au/news/2024-11-28/woolworths-staff-abused-as-strike-causes-stock-shortage/104657606
Protecting Tomorrow's World: Shaping the Cyber-Physical Future,"The lines between digital and physical realms increasingly blur. While this opens countless opportunities for businesses, it also brings numerous challenges. In our recent webinar, Shaping the Cyber-Physical Future: Trends, Challenges, and Opportunities for 2…",https://thehackernews.com/2024/11/protecting-tomorrows-world-shaping.html
"Which Came First, the Bird Flu or the Egg?",Eggs are expensive again—it’s not inflation this time.,https://slate.com/podcasts/what-next/2024/11/how-the-avian-flu-outbreak-could-become-a-pandemic
Rare Earth Ban Fuels Doubt About The Viability Of The US Auto Industry,The transition to electric vehicles will happen far faster than is commonly understood. The Chinese bans on rare earth adds headwinds for US EV manufacturers.,https://www.forbes.com/sites/stevebanker/2024/12/10/rare-earth-ban-fuels-doubt-about-the-viability-of-the-us-auto-industry/
MOD stress-testing how UK would cope in war,The war games come amid fears the Russian invasion of Ukraine exposed gaps in Europe's war capabilities.,https://www.bbc.com/news/articles/cjwl3zlqv77o
Post-Globalization: 5 Steps For Business Leaders Outside The US,"How global executives are assessing the US presidential election, taking quick tactical action, and making strategic plans.",https://www.forbes.com/sites/davidmichels/2024/12/11/post-globalization-5-steps-for-business-leaders-outside-the-us/
'War game' to test weapons supply chain to frontline British troops,"The UK will ""war-game"" how British troops could be sustained on the frontline in the event of intense fighting and supply chain disruption.",https://news.sky.com/story/uk-to-war-game-how-frontline-british-troops-could-be-equipped-with-weapons-amid-supply-chain-disruption-13265066
"Rattled by China, West scrambles to rejig critical minerals supply chains",China's trade restrictions on strategic minerals are starting to hit Western companies where it hurts.  Blaming Beijing's curbs on antimony exports announced...,https://finance.yahoo.com/news/rattled-china-west-scrambles-rejig-103753257.html
"Fact-check: Donald Trump’s latest claims on tariffs, murders and more","Trump discussed deportation, birthright citizenship, tariffs, false claims, and pardons for January 6 convicts.",https://www.aljazeera.com/news/2024/12/9/fact-check-donald-trumps-latest-claims-on-tariffs-murders-and-more
"Software firm Blue Yonder providing services to US and UK stores, including Starbucks, hit by ransomware attack","Blue Yonder, a supply chain software provider, suffered a ransomware attack, impacting operations for clients like Starbucks and grocery stores. A ransomware attack on Blue Yonder disrupted operations for several customers, including Starbucks and U.K. grocer…",https://securityaffairs.com/171434/uncategorized/blue-yonder-ransomware-attack.html
"Markets/Coverages: McGill, TMK and Convex Launch Trade Disruption Facility","McGill and Partners, the London-based global specialty insurance and reinsurance broker, has launched a new trade disruption insurance facility in collaboration with Tokio Marine Kiln (TMK) and Convex, offering limits of $95 million, led by TMK. This offering…",https://www.insurancejournal.com/news/international/2024/11/26/802623.htm
What Will Trump Do About China?,"US President-elect Donald Trump campaigned on a promise to take a confrontational approach to China, with tariffs as his weapon of choice. But unless his administration adopts a measured approach, his plans may end up harming American businesses and consumers…",https://www.project-syndicate.org/onpoint/what-will-trump-do-about-china
Taiwan supply chains brace for Trump's upcoming wave of global tariff,"With Trump's imminent return to the White House threatening a new wave of global tariffs, Taiwan's tech industry is moving swiftly to fortify its supply chain strategy. At a November 12 industry forum, experts outlined a new ""two enhancements, two reductions""…",https://www.digitimes.com/news/a20241113PD203/taiwan-supply-chain-taiwan-production-mexico-manufacturing.html
The 10 Most Important Banking And Financial Technology Trends That Will Shape 2025,These ten key trends highlight how traditional institutions and fintech companies are adapting to changing consumer demands.,https://www.forbes.com/sites/bernardmarr/2024/11/13/the-10-most-important-banking-and-financial-technology-trends-that-will-shape-2025/
"Trump tech tariffs could slam your wallet, bigly","The Trump administration will arrive in Washington this coming January with an enormous question mark over its head: Will Trump deliver on his promise to impose tariffs of up to 60 percent, and how will that affect the technology products that Americans buy?…",https://www.pcworld.com/article/2521477/trump-tariffs-could-cost-tech-consumers-bigly.html
The Trump tariffs are coming for wine. American restaurants could die,"Is Donald Trump about to pull the plug on the U.S. food and wine industry? If his plan for 10% to 20% tariffs on all imported goods goes into effect, wine tariffs are likely to devastate the middle- and upper-ends of the restaurant business, while doing nothi…",https://qz.com/donald-trump-tariffs-wine-restaurants-business-imports-1851700730
How To Prep Cryptographic Assets For The Emerging Quantum Era,"Quantum computing can render traditional encryption methods obsolete; it’s vital for companies to act now to protect themselves, their digital assets and their customers.",https://www.forbes.com/councils/forbestechcouncil/2024/12/10/how-to-prep-cryptographic-assets-for-the-emerging-quantum-era/
Could Chinese Control Over Strategic Minerals Coupled with US Corruption Cripple the Sputtering US War Machine?,China tightens its grip on materials necessary for US military and its proxies as Washington turns to those who squandered American advantages to fix the problem — or profit from it.,https://www.nakedcapitalism.com/2024/12/could-chinese-control-over-strategic-minerals-coupled-with-us-corruption-cripple-the-sputtering-us-war-machine.html
Reactor installed at UK's newest nuclear power station,The nuclear power plant is the first to be built in the UK for 30 years.,https://www.bbc.com/news/articles/cvg725xpxleo
[Removed],[Removed],https://removed.com
Unit 42 Predicts the Year of Disruption and Other Top Threats in 2025,"As part of Palo Alto Networks 2025 predictions, read on to uncover Unit 42’s insights on what to expect in the coming year. The post Unit 42 Predicts the Year of Disruption and Other Top Threats in 2025 appeared first on Palo Alto Networks Blog.",https://www.paloaltonetworks.com/blog/2024/11/unit-42-predicts-top-threats-in-2025/
How AI Is Reshaping The Future Of Work Across Industries,"Artificial intelligence (AI) is no longer a vision of the future; it is the driving force of the present, fundamentally transforming how we work, live, and innovate.",https://www.forbes.com/sites/brentgleeson/2024/12/03/how-ai-is-reshaping-the-future-of-work-across-industries/
"Trump proposes 25% tariff on Canadian and Mexican imports, 10% on Chinese goods","President-elect Donald Trump has announced plans to impose sweeping tariffs on imports from Canada, Mexico, and China once he returns to the White House. The controversial declaration has already triggered significant currency fluctuations and raised alarm be…",https://www.techspot.com/news/105730-trump-proposes-25-tariff-canadian-mexican-imports-10.html
Supply chain constraints could hit Audi India’s growth,"With the increase in the cost of shipment, Audi is evaluating increasing the prices of its vehicles in the country",https://www.thehindubusinessline.com/companies/supply-chain-constraints-could-hit-audi-indias-growth/article68922742.ece
Proven ways to boost hotel food and drink profits,"By focusing on cost optimisation, reducing waste, and leveraging technology, hotels can enhance profitability while maintaining high-quality service.",https://www.hotelmanagement-network.com/news/proven-ways-to-boost-hotel-food-and-drink-profits/
"⚡ THN Recap: Top Cybersecurity Threats, Tools and Tips (Dec 2 - 8)","This week’s cyber world is like a big spy movie. Hackers are breaking into other hackers’ setups, sneaky malware is hiding in popular software, and AI-powered scams are tricking even the smartest of us. On the other side, the good guys are busting secret onli…",https://thehackernews.com/2024/12/thn-recap-top-cybersecurity-threats_9.html
Sustainability To Resilience: Adapt ESG Strategies In A Changing World,Is ESG officially dead or merely in transition? Is it possible to balance innovation and the pursuit of economic growth with protecting the planet? Some takeaways.,https://www.forbes.com/sites/chloedemrovsky/2024/12/09/sustainability-to-resilience-adapt-esg-strategies-in-a-changing-world/
Microsoft shares latest intelligence on North Korean and Chinese threat actors at CYBERWARCON,"At CYBERWARCON 2024, Microsoft Threat Intelligence analysts will share research and insights on North Korean and Chinese threat actors representing years of threat actor tracking, infrastructure monitoring and disruption, and their attack tooling.  The post M…",https://www.microsoft.com/en-us/security/blog/2024/11/22/microsoft-shares-latest-intelligence-on-north-korean-and-chinese-threat-actors-at-cyberwarcon/
"Donald Trump’s interview with ‘Meet the Press,’ fact-checked","In a Dec. 8 interview on NBC’s “Meet the Press,” President-elect Donald Trump elaborated on plans for removing people in the country illegally and imposing tariffs on trade partners — […] The post Donald Trump’s interview with ‘Meet the Press,’ fact-checked a…",https://www.poynter.org/fact-checking/2024/meet-the-press-fact-check-donald-trump-interview/
"No disruption to Irish Guinness supplies for Christmas, Diageo says","‘Exceptional consumer demand’ for the stout in recent months has led to distribution issues in England, Wales and Scotland",https://www.irishtimes.com/ireland/2024/12/05/no-disruption-to-irish-guinness-supplies-for-christmas-diageo-says/
Microsoft seized 240 sites used by the ONNX phishing service,"Microsoft disrupted the ONNX phishing service, seizing 240 sites and naming an Egyptian man as the operator behind the operation. Microsoft announced the disruption of the ONNX phishing service, another success against cybercrime which led to the seizure of 2…",https://securityaffairs.com/171287/cyber-crime/microsoft-disrupted-the-onnx-phishing-service.html
Key Trends Shaping The Future Of AI In 2025,"What do you think artificial intelligence (AI) will be like in 2025? Will there be revolutionary development, or do the challenges take a toll on this rapid development? The continuous strides and steps forward are surely going to change almost every industry…",https://www.redmondpie.com/key-trends-shaping-the-future-of-ai-in-2025/
Nvidia Stock Earnings Preview: What To Know Before The Report,"Nvidia stock earnings preview: Discover key insights, expectations and market trends to watch ahead of Nvidia’s earnings report. Here’s what investors should know.",https://www.forbes.com/sites/investor-hub/article/nvidia-nvda-stock-earnings-preview-what-to-know-before-report/
UK manufacturing PMI sinks to 9-month low as orders dry up,"A gauge of British manufacturing activity released on Monday pointed to the sharpest contraction in nine months, as orders from domestic and foreign customers fell and ongoing supply chain disruption pushed up costs. The S&P Global manufacturing Purchasing Ma…",https://consent.yahoo.com/v2/collectConsent?sessionId=1_cc-session_4d42f805-aca3-4416-b0ea-680fabf2b97e
Editorial. October retail inflation print raises concerns,Supply chain efficiencies are a must to offset price increase due to rising input costs and the inevitable increases in support prices,https://www.thehindubusinessline.com/opinion/editorial/october-retail-inflation-print-raises-concerns/article68864002.ece
PenCott-GreenZone Camouflage Fabric Available Once Again!,"50/50 poly-cotton ripstop stretch tactical fabric produced in partnership with 707 Tactical Gear. Hyde Definition Ltd., the parent company of the PenCott® camouflage brand, today announces the long-awaited return of GreenZone™ camouflage garment fabric for wh…",https://soldiersystems.net/2024/12/06/pencott-greenzone-camouflage-fabric-available-once-again/
Travel Leaders on Trump 2.0… in Three Words or Less,"When the cameras are off and PR teams aren’t hovering nearby, what do travel industry CEOs and executives truly think about the prospect of Donald Trump returning to the presidency? We asked — and they didn’t hold back.  -Sarah Kopit",http://skift.com/2024/12/10/travel-leaders-on-trump-2-0-in-three-words-or-less/
Indian firms worry about chipset shortage as US-China impose restrictions,"Both countries are imposing restrictions on crucial components required for making chipsets, and companies are anticipating a price increase in chip sets and disruption in the supply of semiconductors in 2025",https://www.thehindubusinessline.com/news/indian-firms-worry-about-chipset-shortage-as-us-china-impose-restrictions/article68954607.ece
Canada Post workers issue strike notice ahead of busy holiday season,"Canada Post now faces a strike deadline. The union representing its employees has issued a 72-hour strike notice if demands aren't met, and it could affect millions of Canadians' mail ahead of a busy holiday season. In an October 29 release, Canada Post sta…",https://www.blogto.com/city/2024/11/canada-post-workers-issue-strike-notice-holiday-season/
The Power Of Where: How Business Leaders Can Leverage Spatial Data,"Spatial data has become increasingly available to businesses and government bodies alike, and there is much more that can be done to leverage its power.",https://www.forbes.com/councils/forbestechcouncil/2024/11/19/the-power-of-where-how-business-leaders-can-leverage-spatial-data/
"Airlines brace for increased costs, market share losses amid ongoing supply chain woes","Airlines struggle with supply chain issues, impacting sustainability goals and customer service, leading to delays and increased costs.",https://www.thehindubusinessline.com/companies/airlines-brace-for-increased-costs-market-share-losses-amid-ongoing-supply-chain-woes/article68945800.ece
Blue Yonder Ransomware Attack Disrupts Grocery Store Supply Chain,"Blue Yonder, a Panasonic subsidiary specializing in AI-driven supply chain solutions, experienced a recent ransomware attack that impacted many of its customers. ""Among its 3,000 customers are high-profile organizations like DHL, Renault, Bayer, Morrisons, Ne…",https://it.slashdot.org/story/24/11/26/0323243/blue-yonder-ransomware-attack-disrupts-grocery-store-supply-chain
Supply chain management vendor Blue Yonder succumbs to ransomware,"Supply chain management vendor Blue Yonder succumbs to ransomware And it looks like major UK retailers that rely on it are feeling the pinch US-based supply chain SaaS vendor Blue Yonder has revealed a service disruption caused by ransomware, and its customer…",https://biztoc.com/x/f040eca322067a69
"Airlines brace for increased costs, market share losses amid ongoing supply chain woes","Airlines struggle with supply chain issues, impacting sustainability goals and customer service, leading to delays and increased costs.",https://www.thehindubusinessline.com/economy/logistics/airlines-brace-for-increased-costs-market-share-losses-amid-ongoing-supply-chain-woes/article68945800.ece
Blue Yonder ransomware attack disrupts grocery store supply chain,"Supply chain management firm Blue Yonder is warning that a ransomware attack caused significant disruption to its services, with the outages impacting grocery store chains in the UK. Blue Yonder (formerly JDA Software) operates as a Panasonic subsidiary with …",https://biztoc.com/x/f92bc359ecdbcd76
"Security must be used as a springboard, not just a shield",Cybersecurity is often frustratingly seen as a boardroom burden -- a compulsory cost to keep threats at bay. This “necessary evil” mindset is holding businesses back and leading to a critical opportunity to leverage security as a driver of success being misse…,https://betanews.com/2024/11/29/security-must-be-used-as-a-springboard-not-just-a-shield/
7 insights about the future of marketing,"With 20 years as a brand builder and business strategist, my passion is in driving companies and our world in a positive forward direction. As the global head of sustainability and impact for iF Design, I think a lot about the social and environmental impact …",https://www.fastcompany.com/91235843/7-insights-about-the-future-of-marketing
Brazil Minister Says Supports Meat Supplier 'Boycott' Of Carrefour,Brazil's agriculture minister on Monday threw his support behind national meat suppliers that have halted deliveries to Carrefour supermarkets in a growing row related to Mercosur trade negotiations.,https://www.ibtimes.com/brazil-minister-says-supports-meat-supplier-boycott-carrefour-3752573
China Curbs Exports Of Key Chipmaking Components To US,"Beijing said Tuesday it would restrict exports to the United States of some key components in making semiconductors, after Washington announced curbs targeting China's ability to make advanced chips.",https://www.ibtimes.com/china-curbs-exports-key-chipmaking-components-us-3753729
"Major UK, US stores face ongoing disruption after ransomware attack hits supply chain giant Blue Yonder","A ransomware attack on Blue Yonder, one of the world’s largest supply chain software providers, is causing ongoing disruption to operations at a number of major U.S. and U.K. stores and retailers. Arizona-based Blue Yonder, which was acquired by Panasonic in …",https://biztoc.com/x/b61ef19883468016
"UK, US retail giants hit by ongoing disruption after ransomware attack on supply chain firm","A ransomware attack on Blue Yonder, one of the world’s largest supply chain software providers, is causing ongoing disruption to operations at a number of major U.S. and U.K. stores and retailers. Arizona-based Blue Yonder, which was acquired by Panasonic in …",https://biztoc.com/x/552c6e933f498e27
Ottawa businesses worry about potential postal disruption,Businesses in Ottawa are bracing for the prospect of a postal strike or lockout on the eve of the holiday shopping season.,https://www.cbc.ca/news/canada/ottawa/ottawa-businesses-worry-about-potential-postal-disruption-1.7380719
Kinaxis Launches Supply Chain Orchestration Maturity Model and Self-Assessment,"The model and practical assessment provide a comprehensive evaluation of a company’s strengths and weaknesses across supply chain orchestration OTTAWA, Ontario — Kinaxis® (TSX:KXS), a global leader in end-to-end supply chain orchestration, today launched the …",https://financialpost.com/pmn/business-wire-news-releases-pmn/kinaxis-launches-supply-chain-orchestration-maturity-model-and-self-assessment
UK manufacturing PMI sinks to 9-month low as orders dry up,"A gauge of British manufacturing activity released on Monday pointed to the sharpest contraction in nine months, as orders from domestic and foreign customers fell and ongoing supply chain disruption pushed up costs.",https://biztoc.com/x/97d7d2e7291d452b
B&Q owner Kingfisher well stocked for Christmas as early shipping pays off,"B&Q and Castorama owner Kingfisher said it was well stocked with Christmas products, thanks to a strategy of building up inventory early to mitigate the risk of supply chain disruption.",https://biztoc.com/x/5babca0ea6b69c68
Kinaxis Offers a Solution to Streamline Bel’s Supply Chain,"OTTAWA, Ontario — Bel Group, a major player in food through dairy, fruit and plant-based healthier eating portions, with iconic international brands such as The Laughing Cow®, Kiri®, Babybel®, Boursin®, Nurishh®, or GoGo squeeZ®, has partnered with Kinaxis® I…",https://financialpost.com/pmn/business-wire-news-releases-pmn/kinaxis-offers-a-solution-to-streamline-bels-supply-chain
"(PR) Smartkem and AUO Partner to Develop a New Generation of Rollable, Transparent MicroLED Displays","Smartkem, positioned to power the next generation of displays using its disruptive organic thin-film transistors (OTFTs), has partnered with AUO, the largest display manufacturer in Taiwan, to jointly develop the world's first advanced rollable, transparent m…",https://www.techpowerup.com/329192/smartkem-and-auo-partner-to-develop-a-new-generation-of-rollable-transparent-microled-displays
"Severity of the risk facing the UK is widely underestimated, NCSC annual review warns",National cyber emergencies increased threefold this year The number of security threats in the UK that hit the country's National Cyber Security Centre's (NCSC) maximum severity threshold has tripled compared to the previous 12 months.…,https://www.theregister.com/2024/12/03/ncsc_annual_review/
Octapharma Injects Efficiency Into Its Supply Chain With Kinaxis,"Global healthcare company will streamline operations and achieve end-to-end supply chain orchestration OTTAWA, Ontario — Octapharma, the largest privately owned company dedicated to the research and development of life-saving or life-altering therapies, has s…",https://financialpost.com/pmn/business-wire-news-releases-pmn/octapharma-injects-efficiency-into-its-supply-chain-with-kinaxis
Seth Holehouse on Decentralize.TV: America is STILL AT WAR with the Dems and the Deep State,"According to “Man In America” podcast host Seth Holehouse, America and its people are still at war with the Democratic Party cabal and the Deep State. He shared this assertion during an appearance on “Decentralize.TV” hosted by the Health Ranger Mike Adams an…",https://www.naturalnews.com/2024-11-21-america-still-at-war-dems-deep-state.html
U.S. CISA adds Palo Alto Networks Expedition bugs to its Known Exploited Vulnerabilities catalog,U.S. Cybersecurity and Infrastructure Security Agency (CISA) adds Palo Alto Networks Expedition bugs to its Known Exploited Vulnerabilities catalog. The U.S. Cybersecurity and Infrastructure Security Agency (CISA) added the following Palo Alto Networks Expedi…,https://securityaffairs.com/171012/security/u-s-cisa-adds-palo-alto-networks-expedition-bugs-known-exploited-vulnerabilities-catalog.html
Elida Beauty Conditions its Supply Chain for Success with Kinaxis,"Elida Beauty to strengthen collaboration with suppliers and ensure seamless delivery of their iconic personal care products OTTAWA, Ontario — Elida Beauty, a renowned distributor of beauty and personal care products, has selected Kinaxis® (TSX:KXS), a global …",https://financialpost.com/pmn/business-wire-news-releases-pmn/elida-beauty-conditions-its-supply-chain-for-success-with-kinaxis
Mysterious outbreak with high fatality rate in the DRC could imperil tech supply chains,"Is the industry ready to be tested if the unidentified deadly pathogen spreads beyond rural Kwango Province? A mystery disease with a fatality rate higher than COVID-19 has broken out in the Democratic Republic of the Congo (DRC), and while the global pandemi…",https://www.theregister.com/2024/12/09/drc_disease/
Typhoo Tea bought out of administration for millions,Typhoo Tea has been bought out of administration for £10.2m.,https://news.sky.com/story/typhoo-tea-bought-out-of-administration-for-millions-13265138
"Starbucks And Sainsbury's Disrupted By Ransomware Attack, Operations Hit","A ransomware attack on Blue Yonder, a supply chain software provider, affected major companies like Starbucks and Sainsburys, forcing them to rely on backup systems to manage operations.",https://www.ndtv.com/feature/starbucks-and-sainsburys-disrupted-by-major-ransomware-attack-operations-hit-7115665
Europe Ramps Up Natural Gas Reserves to Protect the Continent’s Energy Security,"As temperatures across Europe plummet this winter, people around the continent are reminded of the importance of a secure supply of natural gas to keep their homes warm. In November, Europe’s natural gas storage capacity was 95 percent full, marking a recogni…",https://energycentral.com/c/og/europe-ramps-natural-gas-reserves-protect-continent%E2%80%99s-energy-security
The interdependency of supply chains — a closer look at critical materials,"The management of supply chain challenges, particularly with new and raw materials, is complex but essential to driving opportunities The post The interdependency of supply chains — a closer look at critical materials appeared first on Digital Journal.",https://www.digitaljournal.com/world/the-interdependency-of-supply-chains-a-closer-look-at-critical-materials/article
Blue Yonder ransomware termites claim credit,"Blue Yonder ransomware termites claim credit Also: Mystery US firm compromised by Chinese hackers for months; Safe links that aren't; Polish spy boss arrested, and more Infosec in brief Still smarting over that grocery disruption caused by a ransomware attack…",https://biztoc.com/x/072b494a11e25d53
Retail outages drag into second week after Blue Yonder ransomware attack,"A ransomware attack on supply chain software giant Blue Yonder continues to cause disruption to the company’s customers, almost two weeks after the outage first began. In a brief update to its cybersecurity incident page on Sunday, Arizona-based Blue Yonder s…",https://biztoc.com/x/1228f8d64640ccd9
UN draft resolution on agriculture expresses concerns over higher fertiliser costs,"It highlights the adverse effects of volatile food prices, rising agricultural input costs, and disrupted supply chains, particularly on developing countries",https://www.thehindubusinessline.com/economy/agri-business/un-draft-resolution-on-agriculture-expresses-concerns-over-higher-fertiliser-costs/article68974112.ece
New Impinj Research Reveals Top Headaches for Supply Chain Managers for 2025,New Impinj Research Reveals Top Headaches for Supply Chain Managers for 2025,https://www.investing.com/news/press-releases/new-impinj-research-reveals-top-headaches-for-supply-chain-managers-for-2025-93CH-3766276
"War and disruption should be avoided, global priority to restore normalcy: FM Sitharaman","Finance Minister Nirmala Sitharaman said it has led to supply chain disruptions, and inflation is the biggest challenge globally",https://www.businesstoday.in/latest/economy/story/war-and-disruption-should-be-avoided-global-priority-to-restore-normalcy-fm-sitharaman-456941-2024-12-11
Best Mutual Fund Races To Top With Some Offbeat Stock Picks,Research is the X factor that powers Janus Henderson Global Research Fund to benchmark-beating returns and into a best mutual fund.,https://www.investors.com/etfs-and-funds/mutual-funds/best-mutual-fund-races-to-top-with-some-offbeat-stock-picks/
Man found with £2.5m of cocaine after police chase,Dylan Nicol drove at up to 120mph on the A90 and Kingsway West in Dundee as he tried to evade police.,https://www.bbc.com/news/articles/cjdlg4rpjpro
Indian businesses shouldn't be excessively dependent on one supply chain: Jaishankar on trade with China,"External Affairs Minister S Jaishankar cautioned Indian businesses against over-reliance on China's supply chain, emphasizing the need for a balanced approach. While acknowledging the reality of China's manufacturing dominance, he stressed the importance of s…",https://economictimes.indiatimes.com/news/india/indian-businesses-shouldnt-be-excessively-dependent-on-one-supply-chain-jaishankar-on-trade-with-china/articleshow/116016681.cms
Grapevine Saves The Oncology Institute Millions On Healthcare Supplies,Proof that Digital Transformation and Smarter Supply Chains Can Massively Cut Costs Proof that Digital Transformation and Smarter Supply Chains Can Massively Cut Costs,https://www.globenewswire.com/news-release/2024/11/21/2985071/0/en/Grapevine-Saves-The-Oncology-Institute-Millions-On-Healthcare-Supplies.html
"Dockworkers Dig In: ILA Breaks Off Talks with USMX, Threatening January Port Chaos","The International Longshoremen’s Association (ILA) has halted talks with the United States Maritime Alliance (USMX) over disputes about port automation, raising the possibility of renewed strikes at U.S. East and...",https://gcaptain.com/dockworkers-dig-in-ila-breaks-off-talks-with-usmx-threatening-january-port-chaos/
Emerging Trends in Spend Management Shaping 2025,"We've identified key trends in spend management for 2025, including AI-driven procurement, process orchestration, and new leadership.",https://news.sap.com/2024/12/emerging-2025-trends-spend-management/
Behind The Virginia-Class Submarine Nightmare,"America is in a shipbuilding crisis. The Navy has all these grand ambitions for building new platforms, whether the Gerald R. Ford-class aircraft carriers or the Virginia-class attack submarines. Yet, the shipbuilding crisis is most pronounced in the area of …",https://nationalinterest.org/blog/buzz/behind-virginia-class-submarine-nightmare-213946
Indian Businesses Shouldn't Be...: S Jaishankar On Trade With China,"Indian businesses should take a ""balanced"" approach in dealing with China as excessive dependence on its supply chain could be detrimental to India's national interest, External Affairs Minister S Jaishankar said on Thursday.",https://www.ndtv.com/india-news/indian-businesses-shouldnt-be-excessively-dependent-on-one-supply-chain-s-jaishankar-on-trade-with-china-7183060
EU Nears Finish Line on Trade Deal With South American Bloc in an Effort to Deal Blow to China,"It’s unlikely to do much vis-à-vis China, but will be bad news for the environment and majority of Europeans already reeling from Ursula’s other strategic “victories.”",https://www.nakedcapitalism.com/2024/11/eu-nears-finish-line-on-trade-deal-with-south-american-bloc-in-an-effort-to-deal-blow-to-china.html
New Salmonella Rules Could Kill Small Farms,Big Chicken wins while small farmers and processors face costly regulations—and consumers remain at risk.,https://reason.com/2024/12/07/new-salmonella-rules-could-kill-small-farms/
Inflation global challenge; restoring normalcy top priority: FM Nirmala Sitharaman,India's finance minister called for global peace and dialogue.  She highlighted the economic impact of conflicts.  Supply chain disruptions and inflation are key concerns.  Sitharaman emphasized aligning economic and political strategies.  She advocated for s…,https://economictimes.indiatimes.com/news/economy/indicators/inflation-global-challenge-restoring-normalcy-top-priority-fm-nirmala-sitharaman/articleshow/116224176.cms
Why Is The Clorox Company (CLX) Among the Best Consistent Dividend Stocks to Invest In Right Now?,"We recently compiled a list of the 10 Best Consistent Dividend Stocks To Invest In Right Now. In this article, we are going to take a look at where The...",https://finance.yahoo.com/news/why-clorox-company-clx-among-021151764.html
